<?xml version="1.0" encoding="UTF-8"?>
<libro>
    <título nombre="Narnia"/>
    <editorial nombre="Cometa"/>
    <autor nombre="C.S.Lewis"/>
    <capitulos numero="6">
        <capitulo posicion="1" paginainicio="1" paginafinal="44" ></capitulo>
        <capitulo posicion="2" paginainicio="46" paginafinal="80" ></capitulo>
        <capitulo posicion="3" paginainicio="81" paginafinal="120" ></capitulo>
        <capitulo posicion="4" paginainicio="123" paginafinal="167" ></capitulo>
        <capitulo posicion="5" paginainicio="168" paginafinal="199" ></capitulo>
        <capitulo posicion="6" paginainicio="200" paginafinal="260" ></capitulo>   
    </capitulos>
</libro>