<?xml version="1.0" encoding="UTF-8"?>
<students xmlns:xsi="http://www.w3.org/2001/XMLSchema-instance" xsi:noNamespaceSchemaLocation="EJ2.xsd">
    <student dni="11111111a">
        <name>Juan Andrés</name>
        <address>
            <street>

            </street>
            <number></number>
            <city></city>
            <province></province>
        </address>
        
    </student>
    <student>
            <name>Juan Andrés</name>
            <address>
                <street>
    
                </street>
                <number></number>
                <city></city>
                <province></province>
            </address>
    </student>
</students>