<?xml version="1.0" encoding="UTF-8"?>
<beatles xmlns:xsi="http://www.w3.org/2001/XMLSchema-instance" xsi:noNamespaceSchemaLocation="ej3.xsd">
    <beatle link="http://www.paulmccartney.com">
        <name>
            <firstname>Paul
            </firstname>
            <lastname>McCartney
            </lastname>
        </name>
    </beatle>
    <beatle link="http://www.johnlennon.com">
        <name>
            <firstname>John
            </firstname>
            <lastname>Lennon
            </lastname>
        </name>
    </beatle>
    <beatle link="http://www.georgeharrison.com">
        <name>
            <firstname>George
            </firstname>
            <lastname>Harrison
            </lastname>
        </name>
    </beatle>
    <beatle link="http://www.webucator.com" real="yes">
        <name>
            <firstname>Nat
            </firstname>
            <lastname>Dunn
            </lastname>
        </name>
    </beatle>
</beatles>