<?xml version="1.0" encoding="UTF-8"?>
<CentroComercial>
    <tienda>
        <nombre>Heladería "La esquina"</nombre>
        <parcela>1,2 y 3</parcela>
        <espacio>200m^2</espacio>
        <encargado>
            <nombre>Rosa </nombre>
            <apellidos>Mel Paez</apellidos>
            <telefono>727 43 23 55</telefono>
            <nss>411039738676</nss>
        </encargado>
    </tienda>
    <tienda>
        <nombre>Bar "La fresca"</nombre>
        <parcela>4</parcela>
        <espacio>50m^2</espacio>
        <encargado>
            <nombre>Lawrence</nombre>
            <apellidos>Bogolyubov</apellidos>
            <telefono>722 894 386</telefono>
            <nss>411039777777</nss>
        </encargado>
    </tienda>
    <tienda>
        <nombre>hobbitTown</nombre>
        <parcela>5 y 6</parcela>
        <espacio>90m^2</espacio>
        <encargado>
            <nombre>Lalia</nombre>
            <apellidos>Mugwort</apellidos>
            <telefono>747 912 989</telefono>
            <nss>411039666666</nss>
        </encargado>
    </tienda>
        <tienda>
        <nombre>CineCataluña</nombre>
        <parcela>7,8,9 y 10</parcela>
        <espacio>250m^2</espacio>
        <encargado>
            <nombre>Ara</nombre>
            <apellidos>Lozado Alonzo</apellidos>
            <telefono>756 229 280</telefono>
            <nss>411039755555</nss>
        </encargado>
    </tienda>
    <tienda>
        <nombre>Cafeteria "relajá"</nombre>
        <parcela>11 y 12</parcela>
        <espacio>90m^2</espacio>
        <encargado>
            <nombre>Mayda</nombre>
            <apellidos>Tirado Ledesma</apellidos>
            <telefono>629 988 413 </telefono>
            <nss>411039744444</nss>
        </encargado>
    </tienda>
    <tienda>
        <nombre>Restaurante "Xi Io nho cer"</nombre>
        <parcela>13</parcela>
        <espacio>50m^2</espacio>
        <encargado>
            <nombre>Anibal</nombre>
            <apellidos>Adomo Gallego</apellidos>
            <telefono>783 553 071</telefono>
            <nss>411039999999</nss>
        </encargado>
    </tienda>
    <tienda>
        <nombre>Tienda de musica "Iron Depot"</nombre>
        <parcela>14</parcela>
        <espacio>50m^2</espacio>
        <encargado>
            <nombre>Evaristo</nombre>
            <apellidos>Pizarro Balderas</apellidos>
            <telefono>755 225 739</telefono>
            <nss>411038888888</nss>
        </encargado>
    </tienda>
    <tienda>
        <nombre>Papelería "Serapio Gordon"</nombre>
        <parcela>15,16 y 17</parcela>
        <espacio>85m^2</espacio>
        <encargado>
            <nombre>Serapio</nombre>
            <apellidos>Alba Alvarez</apellidos>
            <telefono>649 061 569</telefono>
            <nss>411087878787</nss>
        </encargado>
    </tienda>
    <tienda>
        <nombre>EstoEsRelleno</nombre>
        <parcela>18</parcela>
        <espacio>60m^2</espacio>
        <encargado>
            <nombre>Paco</nombre>
            <apellidos>Waike</apellidos>
            <telefono>785 34 14 66</telefono>
            <nss>411039711111</nss>
        </encargado>
    </tienda>
    <tienda>
        <nombre>UnDiaDeNoviembre</nombre>
        <parcela>19 y 20</parcela>
        <espacio>100m^2</espacio>
        <encargado>
            <nombre>Anastasia</nombre>
            <apellidos>Romanov</apellidos>
            <telefono>745 61 24 00</telefono>
            <nss>411022222222</nss>
        </encargado>
    </tienda>

</CentroComercial>