<concesionario>
    <catálogo>
        <marca nombre="SEAT" procedencia="Hispano-alemana">
            <coches modelo="León" plazas="5" cilindrada="1400" matricula="KNH 2689" fechamatriculacion="1/12/2019" />
            <coches modelo="Ateca" plazas="5" cilindrada="1700" matricula="THX 9813" fechamatriculacion="12/12/2019"/>
        </marca>
         <marca nombre="Ford" procedencia="EstadoUnidiense">
            <coches modelo="Focus" plazas="5" cilindrada="1600" matricula="LOL 4200" fechamatriculacion="5/03/2017" />
            <coches modelo="Fiesta" plazas="2" cilindrada="1100" matricula="XDD 6969" fechamatriculacion="29/05/2018"/>
         </marca>
         <marca nombre="Mini" procedencia="Inglés">
            <coches modelo="Cooper" plazas="4" cilindrada="1300" matricula="Hyt 2355" fechamatriculacion="21/05/2018" />
            <coches modelo="Tripa" plazas="5" cilindrada="2000" matricula="PVC 4423" fechamatriculacion="2/1/2019" />
        </marca>
        <marca nombre="BMW" procedencia="Alemana">
            <coches modelo="M3" plazas="3" cilindrada="2100" matricula="YNQ 3187" fechamatriculacion="14/2/2017" />
            <coches modelo="M5" plazas="5" cilindrada="2100" matricula="YNQ 3188" fechamatriculacion="14/2/2017" />
        </marca>
        <marca nombre="Fiat" procedencia="Italiana">
            <coches modelo="Punto" plazas="5" cilindrada="1500" matricula="SSB 8644" fechamatriculacion="4/10/2019" />
            <coches modelo="Tipo" plazas="2" cilindrada="1100" matricula="VBG 0505" fechamatriculacion="3/07/2019" />
        </marca>
    </catálogo>
</concesionario>
